date,hour,dow,doy,year,woy,weekday,monthday,volume.sum,volume.predict,vmt.sum,vmt.predict,Difference from Typical VMT (%),difference_text
2020-03-01,1,1,61,2020,9,Sunday,Mar 01,620,654.124369063161,310,327.06218453158,-5.22,5.2 % less than typical
2020-03-01,2,1,61,2020,9,Sunday,Mar 01,426,843.98229448707,213,421.991147243535,-49.53,49.5 % less than typical
2020-03-01,3,1,61,2020,9,Sunday,Mar 01,694,1129.66858590223,347,564.834292951115,-38.57,38.6 % less than typical
2020-03-01,4,1,61,2020,9,Sunday,Mar 01,1718,1524.6681373769,859,762.334068688452,12.68,12.7 % more than typical
2020-03-01,5,1,61,2020,9,Sunday,Mar 01,1787,1942.21134052883,893.5,971.105670264416,-7.99,8 % less than typical
2020-03-01,6,1,61,2020,9,Sunday,Mar 01,2001,2294.29029963336,1000.5,1147.14514981668,-12.78,12.8 % less than typical
2020-03-01,7,1,61,2020,9,Sunday,Mar 01,2624,2594.43292798366,1312,1297.21646399183,1.14,1.1 % more than typical
2020-03-01,8,1,61,2020,9,Sunday,Mar 01,2680,2943.47755512688,1340,1471.73877756344,-8.95,8.9 % less than typical
2020-03-01,9,1,61,2020,9,Sunday,Mar 01,3403,3416.04843693342,1701.5,1708.02421846671,-0.38,0.4 % less than typical
2020-03-01,10,1,61,2020,9,Sunday,Mar 01,3908,3975.82226074686,1954,1987.91113037343,-1.71,1.7 % less than typical
2020-03-01,11,1,61,2020,9,Sunday,Mar 01,4334,4508.31657131488,2167,2254.15828565744,-3.87,3.9 % less than typical
2020-03-01,12,1,61,2020,9,Sunday,Mar 01,5124,4923.70636710269,2562,2461.85318355135,4.07,4.1 % more than typical
2020-03-01,13,1,61,2020,9,Sunday,Mar 01,5679,5209.72344677742,2839.5,2604.86172338871,9.01,9 % more than typical
2020-03-01,14,1,61,2020,9,Sunday,Mar 01,5500,5384.76923853746,2750,2692.38461926873,2.14,2.1 % more than typical
2020-03-01,15,1,61,2020,9,Sunday,Mar 01,5243,5423.60505144638,2621.5,2711.80252572319,-3.33,3.3 % less than typical
2020-03-01,16,1,61,2020,9,Sunday,Mar 01,5613,5256.24908808431,2806.5,2628.12454404216,6.79,6.8 % more than typical
2020-03-01,17,1,61,2020,9,Sunday,Mar 01,5402,4846.67773893302,2701,2423.33886946651,11.46,11.5 % more than typical
2020-03-01,18,1,61,2020,9,Sunday,Mar 01,4203,4258.62977755851,2101.5,2129.31488877925,-1.31,1.3 % less than typical
2020-03-01,19,1,61,2020,9,Sunday,Mar 01,3971,3628.89963050856,1985.5,1814.44981525428,9.43,9.4 % more than typical
2020-03-01,20,1,61,2020,9,Sunday,Mar 01,2887,3073.63427372342,1443.5,1536.81713686171,-6.07,6.1 % less than typical
2020-03-01,21,1,61,2020,9,Sunday,Mar 01,2785,2623.40142567571,1392.5,1311.70071283786,6.16,6.2 % more than typical
2020-03-01,22,1,61,2020,9,Sunday,Mar 01,2693,2240.83186848797,1346.5,1120.41593424399,20.18,20.2 % more than typical
2020-03-01,23,1,61,2020,9,Sunday,Mar 01,1467,1880.90392385221,733.5,940.451961926107,-22.01,22 % less than typical
2020-03-02,1,2,62,2020,9,Monday,Mar 02,748,776.027735885404,374,388.013867942702,-3.61,3.6 % less than typical
2020-03-02,2,2,62,2020,9,Monday,Mar 02,288,645.452516269288,144,322.726258134644,-55.38,55.4 % less than typical
2020-03-02,3,2,62,2020,9,Monday,Mar 02,679,1034.68568261941,339.5,517.342841309704,-34.38,34.4 % less than typical
2020-03-02,4,2,62,2020,9,Monday,Mar 02,2026,2111.71016024119,1013,1055.85508012059,-4.06,4.1 % less than typical
2020-03-02,5,2,62,2020,9,Monday,Mar 02,3505,3509.37031476202,1752.5,1754.68515738101,-0.12,0.1 % less than typical
2020-03-02,6,2,62,2020,9,Monday,Mar 02,3928,4643.26661009101,1964,2321.63330504551,-15.4,15.4 % less than typical
2020-03-02,7,2,62,2020,9,Monday,Mar 02,5746,5185.1848636617,2873,2592.59243183085,10.82,10.8 % more than typical
2020-03-02,8,2,62,2020,9,Monday,Mar 02,5181,5217.8915669718,2590.5,2608.9457834859,-0.71,0.7 % less than typical
2020-03-02,9,2,62,2020,9,Monday,Mar 02,4396,5015.04311990451,2198,2507.52155995225,-12.34,12.3 % less than typical
2020-03-02,10,2,62,2020,9,Monday,Mar 02,4144,4776.02676628876,2072,2388.01338314438,-13.23,13.2 % less than typical
2020-03-02,11,2,62,2020,9,Monday,Mar 02,4473,4594.64224254785,2236.5,2297.32112127393,-2.65,2.6 % less than typical
2020-03-02,12,2,62,2020,9,Monday,Mar 02,4595,4583.50660263066,2297.5,2291.75330131533,0.25,0.2 % more than typical
2020-03-02,13,2,62,2020,9,Monday,Mar 02,4949,4883.22325338743,2474.5,2441.61162669372,1.35,1.4 % more than typical
2020-03-02,14,2,62,2020,9,Monday,Mar 02,4987,5482.18947833525,2493.5,2741.09473916763,-9.03,9 % less than typical
2020-03-02,15,2,62,2020,9,Monday,Mar 02,5544,6081.89963140568,2772,3040.94981570284,-8.84,8.8 % less than typical
2020-03-02,16,2,62,2020,9,Monday,Mar 02,6085,6247.95626969103,3042.5,3123.97813484551,-2.61,2.6 % less than typical
2020-03-02,17,2,62,2020,9,Monday,Mar 02,6062,5759.60523034949,3031,2879.80261517474,5.25,5.2 % more than typical
2020-03-02,18,2,62,2020,9,Monday,Mar 02,4209,4807.38939876162,2104.5,2403.69469938081,-12.45,12.4 % less than typical
2020-03-02,19,2,62,2020,9,Monday,Mar 02,4704,3823.48076722192,2352,1911.74038361096,23.03,23 % more than typical
2020-03-02,20,2,62,2020,9,Monday,Mar 02,2649,3119.20157198539,1324.5,1559.6007859927,-15.07,15.1 % less than typical
2020-03-02,21,2,62,2020,9,Monday,Mar 02,2720,2696.8351181349,1360,1348.41755906745,0.86,0.9 % more than typical
2020-03-02,22,2,62,2020,9,Monday,Mar 02,2257,2381.34832946256,1128.5,1190.67416473128,-5.22,5.2 % less than typical
2020-03-02,23,2,62,2020,9,Monday,Mar 02,1416,2057.99765783467,708,1028.99882891734,-31.2,31.2 % less than typical
2020-03-03,1,3,63,2020,9,Tuesday,Mar 03,554,801.873785315928,277,400.936892657964,-30.91,30.9 % less than typical
2020-03-03,2,3,63,2020,9,Tuesday,Mar 03,384,597.566202331039,192,298.783101165519,-35.74,35.7 % less than typical
2020-03-03,3,3,63,2020,9,Tuesday,Mar 03,684,902.857415574042,342,451.428707787021,-24.24,24.2 % less than typical
2020-03-03,4,3,63,2020,9,Tuesday,Mar 03,1903,1903.01256613456,951.5,951.506283067282,0,0 % more than typical
2020-03-03,5,3,63,2020,9,Tuesday,Mar 03,3174,3269.80515943226,1587,1634.90257971613,-2.93,2.9 % less than typical
2020-03-03,6,3,63,2020,9,Tuesday,Mar 03,3594,4437.4407337943,1797,2218.72036689715,-19.01,19 % less than typical
2020-03-03,7,3,63,2020,9,Tuesday,Mar 03,5200,5041.73569619542,2600,2520.86784809771,3.14,3.1 % more than typical
2020-03-03,8,3,63,2020,9,Tuesday,Mar 03,4960,5091.31365465146,2480,2545.65682732573,-2.58,2.6 % less than typical
2020-03-03,9,3,63,2020,9,Tuesday,Mar 03,4364,4809.02395252652,2182,2404.51197626326,-9.25,9.2 % less than typical
2020-03-03,10,3,63,2020,9,Tuesday,Mar 03,3780,4420.04826306311,1890,2210.02413153155,-14.48,14.5 % less than typical
2020-03-03,11,3,63,2020,9,Tuesday,Mar 03,3822,4113.48975824581,1911,2056.74487912291,-7.09,7.1 % less than typical
2020-03-03,12,3,63,2020,9,Tuesday,Mar 03,4290,4099.13149748448,2145,2049.56574874224,4.66,4.7 % more than typical
2020-03-03,13,3,63,2020,9,Tuesday,Mar 03,4585,4543.01199363545,2292.5,2271.50599681772,0.92,0.9 % more than typical
2020-03-03,14,3,63,2020,9,Tuesday,Mar 03,4580,5368.82570912721,2290,2684.4128545636,-14.69,14.7 % less than typical
2020-03-03,15,3,63,2020,9,Tuesday,Mar 03,5818,6173.53369725991,2909,3086.76684862995,-5.76,5.8 % less than typical
2020-03-03,16,3,63,2020,9,Tuesday,Mar 03,6422,6452.97197880698,3211,3226.48598940349,-0.48,0.5 % less than typical
2020-03-03,17,3,63,2020,9,Tuesday,Mar 03,6161,5988.89380466657,3080.5,2994.44690233329,2.87,2.9 % more than typical
2020-03-03,18,3,63,2020,9,Tuesday,Mar 03,4041,5021.95864474219,2020.5,2510.9793223711,-19.53,19.5 % less than typical
2020-03-03,19,3,63,2020,9,Tuesday,Mar 03,4154,4024.5884052038,2077,2012.2942026019,3.22,3.2 % more than typical
2020-03-03,20,3,63,2020,9,Tuesday,Mar 03,2852,3301.99765040659,1426,1650.9988252033,-13.63,13.6 % less than typical
2020-03-03,21,3,63,2020,9,Tuesday,Mar 03,3195,2818.18696975036,1597.5,1409.09348487518,13.37,13.4 % more than typical
2020-03-03,22,3,63,2020,9,Tuesday,Mar 03,2803,2373.85831885508,1401.5,1186.92915942754,18.08,18.1 % more than typical
2020-03-03,23,3,63,2020,9,Tuesday,Mar 03,1479,1873.66218461054,739.5,936.831092305271,-21.06,21.1 % less than typical
2020-03-04,1,4,64,2020,10,Wednesday,Mar 04,582,694.023113931984,291,347.011556965992,-16.14,16.1 % less than typical
2020-03-04,2,4,64,2020,10,Wednesday,Mar 04,325,594.708514050832,162.5,297.354257025416,-45.35,45.4 % less than typical
2020-03-04,3,4,64,2020,10,Wednesday,Mar 04,744,925.907370530537,372,462.953685265268,-19.65,19.6 % less than typical
2020-03-04,4,4,64,2020,10,Wednesday,Mar 04,2046,1859.50404687056,1023,929.752023435278,10.03,10 % more than typical
2020-03-04,5,4,64,2020,10,Wednesday,Mar 04,3008,3139.52385842075,1504,1569.76192921037,-4.19,4.2 % less than typical
2020-03-04,6,4,64,2020,10,Wednesday,Mar 04,3639,4283.49165090878,1819.5,2141.74582545439,-15.05,15.1 % less than typical
2020-03-04,7,4,64,2020,10,Wednesday,Mar 04,5067,4938.05836442491,2533.5,2469.02918221245,2.61,2.6 % more than typical
2020-03-04,8,4,64,2020,10,Wednesday,Mar 04,5168,5052.99402017505,2584,2526.49701008752,2.28,2.3 % more than typical
2020-03-04,9,4,64,2020,10,Wednesday,Mar 04,4199,4799.4250221625,2099.5,2399.71251108125,-12.51,12.5 % less than typical
2020-03-04,10,4,64,2020,10,Wednesday,Mar 04,3734,4413.12797494775,1867,2206.56398747387,-15.39,15.4 % less than typical
2020-03-04,11,4,64,2020,10,Wednesday,Mar 04,3980,4129.22016622237,1990,2064.61008311119,-3.61,3.6 % less than typical
2020-03-04,12,4,64,2020,10,Wednesday,Mar 04,4470,4173.19198595581,2235,2086.59599297791,7.11,7.1 % more than typical
2020-03-04,13,4,64,2020,10,Wednesday,Mar 04,4665,4678.33710769917,2332.5,2339.16855384958,-0.29,0.3 % less than typical
2020-03-04,14,4,64,2020,10,Wednesday,Mar 04,5645,5536.11588349427,2822.5,2768.05794174714,1.97,2 % more than typical
2020-03-04,15,4,64,2020,10,Wednesday,Mar 04,5808,6358.48327194597,2904,3179.24163597299,-8.66,8.7 % less than typical
2020-03-04,16,4,64,2020,10,Wednesday,Mar 04,6381,6681.45284165742,3190.5,3340.72642082871,-4.5,4.5 % less than typical
2020-03-04,17,4,64,2020,10,Wednesday,Mar 04,7359,6286.37728482845,3679.5,3143.18864241423,17.06,17.1 % more than typical
2020-03-04,18,4,64,2020,10,Wednesday,Mar 04,4299,5352.04035124165,2149.5,2676.02017562083,-19.68,19.7 % less than typical
2020-03-04,19,4,64,2020,10,Wednesday,Mar 04,5580,4290.57658313214,2790,2145.28829156607,30.05,30.1 % more than typical
2020-03-04,20,4,64,2020,10,Wednesday,Mar 04,3277,3427.87446858929,1638.5,1713.93723429464,-4.4,4.4 % less than typical
2020-03-04,21,4,64,2020,10,Wednesday,Mar 04,2649,2826.17819198426,1324.5,1413.08909599213,-6.27,6.3 % less than typical
2020-03-04,22,4,64,2020,10,Wednesday,Mar 04,2080,2367.82846076342,1040,1183.91423038171,-12.16,12.2 % less than typical
2020-03-04,23,4,64,2020,10,Wednesday,Mar 04,1632,1942.08567338582,816,971.042836692911,-15.97,16 % less than typical
2020-03-05,1,5,65,2020,10,Thursday,Mar 05,513,747.057333469893,256.5,373.528666734946,-31.33,31.3 % less than typical
2020-03-05,2,5,65,2020,10,Thursday,Mar 05,431,687.511758154535,215.5,343.755879077268,-37.31,37.3 % less than typical
2020-03-05,3,5,65,2020,10,Thursday,Mar 05,749,1059.4196059291,374.5,529.709802964549,-29.3,29.3 % less than typical
2020-03-05,4,5,65,2020,10,Thursday,Mar 05,2129,2022.45078760465,1064.5,1011.22539380232,5.27,5.3 % more than typical
2020-03-05,5,5,65,2020,10,Thursday,Mar 05,3305,3298.55100708248,1652.5,1649.27550354124,0.2,0.2 % more than typical
2020-03-05,6,5,65,2020,10,Thursday,Mar 05,3759,4395.00194881673,1879.5,2197.50097440837,-14.47,14.5 % less than typical
2020-03-05,7,5,65,2020,10,Thursday,Mar 05,5265,4978.18818703723,2632.5,2489.09409351862,5.76,5.8 % more than typical
2020-03-05,8,5,65,2020,10,Thursday,Mar 05,4798,5040.49784350826,2399,2520.24892175413,-4.81,4.8 % less than typical
2020-03-05,9,5,65,2020,10,Thursday,Mar 05,4386,4789.94731410994,2193,2394.97365705497,-8.43,8.4 % less than typical
2020-03-05,10,5,65,2020,10,Thursday,Mar 05,4161,4468.69242687032,2080.5,2234.34621343516,-6.89,6.9 % less than typical
2020-03-05,11,5,65,2020,10,Thursday,Mar 05,3975,4286.86542039311,1987.5,2143.43271019656,-7.27,7.3 % less than typical
2020-03-05,12,5,65,2020,10,Thursday,Mar 05,4762,4432.6819171347,2381,2216.34095856735,7.43,7.4 % more than typical
2020-03-05,13,5,65,2020,10,Thursday,Mar 05,5278,5009.55067417434,2639,2504.77533708717,5.36,5.4 % more than typical
2020-03-05,14,5,65,2020,10,Thursday,Mar 05,5311,5894.74258895117,2655.5,2947.37129447559,-9.9,9.9 % less than typical
2020-03-05,15,5,65,2020,10,Thursday,Mar 05,6481,6702.59017001004,3240.5,3351.29508500502,-3.31,3.3 % less than typical
2020-03-05,16,5,65,2020,10,Thursday,Mar 05,7161,6988.47628504357,3580.5,3494.23814252178,2.47,2.5 % more than typical
2020-03-05,17,5,65,2020,10,Thursday,Mar 05,7145,6566.45112701838,3572.5,3283.22556350919,8.81,8.8 % more than typical
2020-03-05,18,5,65,2020,10,Thursday,Mar 05,5126,5645.16640050233,2563,2822.58320025116,-9.2,9.2 % less than typical
2020-03-05,19,5,65,2020,10,Thursday,Mar 05,4713,4639.93215663793,2356.5,2319.96607831897,1.57,1.6 % more than typical
2020-03-05,20,5,65,2020,10,Thursday,Mar 05,3427,3843.11497056465,1713.5,1921.55748528232,-10.83,10.8 % less than typical
2020-03-05,21,5,65,2020,10,Thursday,Mar 05,3588,3267.50877662137,1794,1633.75438831068,9.81,9.8 % more than typical
2020-03-05,22,5,65,2020,10,Thursday,Mar 05,2690,2769.70076803782,1345,1384.85038401891,-2.88,2.9 % less than typical
2020-03-05,23,5,65,2020,10,Thursday,Mar 05,1673,2258.32195331071,836.5,1129.16097665536,-25.92,25.9 % less than typical
2020-03-06,1,6,66,2020,10,Friday,Mar 06,560,775.563758227496,280,387.781879113748,-27.79,27.8 % less than typical
2020-03-06,2,6,66,2020,10,Friday,Mar 06,388,680.474630876054,194,340.237315438027,-42.98,43 % less than typical
2020-03-06,3,6,66,2020,10,Friday,Mar 06,802,1033.33157891481,401,516.665789457407,-22.39,22.4 % less than typical
2020-03-06,4,6,66,2020,10,Friday,Mar 06,2135,1983.31397928749,1067.5,991.656989643747,7.65,7.7 % more than typical
2020-03-06,5,6,66,2020,10,Friday,Mar 06,3180,3221.60878024107,1590,1610.80439012053,-1.29,1.3 % less than typical
2020-03-06,6,6,66,2020,10,Friday,Mar 06,3635,4248.06593193687,1817.5,2124.03296596844,-14.43,14.4 % less than typical
2020-03-06,7,6,66,2020,10,Friday,Mar 06,4665,4775.5787188604,2332.5,2387.7893594302,-2.32,2.3 % less than typical
2020-03-06,8,6,66,2020,10,Friday,Mar 06,4819,4870.93446000608,2409.5,2435.46723000304,-1.07,1.1 % less than typical
2020-03-06,9,6,66,2020,10,Friday,Mar 06,4434,4777.16844398223,2217,2388.58422199111,-7.18,7.2 % less than typical
2020-03-06,10,6,66,2020,10,Friday,Mar 06,4219,4686.96668316589,2109.5,2343.48334158295,-9.98,10 % less than typical
2020-03-06,11,6,66,2020,10,Friday,Mar 06,4633,4701.43454618582,2316.5,2350.71727309291,-1.46,1.5 % less than typical
2020-03-06,12,6,66,2020,10,Friday,Mar 06,5312,4917.59639667789,2656,2458.79819833894,8.02,8 % more than typical
2020-03-06,13,6,66,2020,10,Friday,Mar 06,5728,5428.00498010557,2864,2714.00249005279,5.53,5.5 % more than typical
2020-03-06,14,6,66,2020,10,Friday,Mar 06,5835,6174.64365755396,2917.5,3087.32182877698,-5.5,5.5 % less than typical
2020-03-06,15,6,66,2020,10,Friday,Mar 06,6035,6850.58716216975,3017.5,3425.29358108488,-11.91,11.9 % less than typical
2020-03-06,16,6,66,2020,10,Friday,Mar 06,7104,7044.53567118101,3552,3522.2678355905,0.84,0.8 % more than typical
2020-03-06,17,6,66,2020,10,Friday,Mar 06,7396,6550.45136661543,3698,3275.22568330771,12.91,12.9 % more than typical
2020-03-06,18,6,66,2020,10,Friday,Mar 06,5301,5544.48955077253,2650.5,2772.24477538627,-4.39,4.4 % less than typical
2020-03-06,19,6,66,2020,10,Friday,Mar 06,4957,4442.40747261229,2478.5,2221.20373630614,11.58,11.6 % more than typical
2020-03-06,20,6,66,2020,10,Friday,Mar 06,3089,3577.96876867417,1544.5,1788.98438433708,-13.67,13.7 % less than typical
2020-03-06,21,6,66,2020,10,Friday,Mar 06,3447,3013.07466119102,1723.5,1506.53733059551,14.4,14.4 % more than typical
2020-03-06,22,6,66,2020,10,Friday,Mar 06,2734,2618.36760038652,1367,1309.18380019326,4.42,4.4 % more than typical
2020-03-06,23,6,66,2020,10,Friday,Mar 06,2310,2267.99729925395,1155,1133.99864962697,1.85,1.8 % more than typical
2020-03-07,1,7,67,2020,10,Saturday,Mar 07,547,741.077097482833,273.5,370.538548741416,-26.19,26.2 % less than typical
2020-03-07,2,7,67,2020,10,Saturday,Mar 07,479,894.621917286219,239.5,447.31095864311,-46.46,46.5 % less than typical
2020-03-07,3,7,67,2020,10,Saturday,Mar 07,785,1173.33823483313,392.5,586.669117416563,-33.1,33.1 % less than typical
2020-03-07,4,7,67,2020,10,Saturday,Mar 07,1550,1618.99762573542,775,809.498812867712,-4.26,4.3 % less than typical
2020-03-07,5,7,67,2020,10,Saturday,Mar 07,1916,2147.92166876314,958,1073.96083438157,-10.8,10.8 % less than typical
2020-03-07,6,7,67,2020,10,Saturday,Mar 07,2346,2630.93546268731,1173,1315.46773134366,-10.83,10.8 % less than typical
2020-03-07,7,7,67,2020,10,Saturday,Mar 07,2692,3010.48544561048,1346,1505.24272280524,-10.58,10.6 % less than typical
2020-03-07,8,7,67,2020,10,Saturday,Mar 07,3044,3334.42728830082,1522,1667.21364415041,-8.71,8.7 % less than typical
2020-03-07,9,7,67,2020,10,Saturday,Mar 07,3820,3686.35683488976,1910,1843.17841744488,3.63,3.6 % more than typical
2020-03-07,10,7,67,2020,10,Saturday,Mar 07,4226,4096.04405496454,2113,2048.02202748227,3.17,3.2 % more than typical
2020-03-07,11,7,67,2020,10,Saturday,Mar 07,4117,4516.49401296611,2058.5,2258.24700648305,-8.85,8.8 % less than typical
2020-03-07,12,7,67,2020,10,Saturday,Mar 07,4567,4870.14945730443,2283.5,2435.07472865221,-6.22,6.2 % less than typical
2020-03-07,13,7,67,2020,10,Saturday,Mar 07,4944,5099.302936622,2472,2549.651468311,-3.05,3 % less than typical
2020-03-07,14,7,67,2020,10,Saturday,Mar 07,5096,5173.60357140082,2548,2586.80178570041,-1.5,1.5 % less than typical
2020-03-07,15,7,67,2020,10,Saturday,Mar 07,5025,5072.73485794376,2512.5,2536.36742897188,-0.94,0.9 % less than typical
2020-03-07,16,7,67,2020,10,Saturday,Mar 07,4660,4788.52549976903,2330,2394.26274988451,-2.68,2.7 % less than typical
2020-03-07,17,7,67,2020,10,Saturday,Mar 07,4533,4351.35433067346,2266.5,2175.67716533673,4.17,4.2 % more than typical
2020-03-07,18,7,67,2020,10,Saturday,Mar 07,3598,3839.97370172926,1799,1919.98685086463,-6.3,6.3 % less than typical
2020-03-07,19,7,67,2020,10,Saturday,Mar 07,3530,3345.72750060517,1765,1672.86375030259,5.51,5.5 % more than typical
2020-03-07,20,7,67,2020,10,Saturday,Mar 07,2492,2918.01706770497,1246,1459.00853385248,-14.6,14.6 % less than typical
2020-03-07,21,7,67,2020,10,Saturday,Mar 07,2547,2545.60187413135,1273.5,1272.80093706568,0.05,0 % more than typical
2020-03-07,22,7,67,2020,10,Saturday,Mar 07,2379,2190.26051026931,1189.5,1095.13025513465,8.62,8.6 % more than typical
2020-03-07,23,7,67,2020,10,Saturday,Mar 07,1580,1831.04541755705,790,915.522708778523,-13.71,13.7 % less than typical
2020-03-08,1,1,68,2020,10,Sunday,Mar 08,750,714.187532887222,375,357.093766443611,5.01,5 % more than typical
2020-03-08,2,1,68,2020,10,Sunday,Mar 08,1207,904.045458311131,603.5,452.022729155565,33.51,33.5 % more than typical
2020-03-08,3,1,68,2020,10,Sunday,Mar 08,1663,1189.73174972629,831.5,594.865874863146,39.78,39.8 % more than typical
2020-03-08,4,1,68,2020,10,Sunday,Mar 08,1658,1584.73130120097,829,792.365650600483,4.62,4.6 % more than typical
2020-03-08,5,1,68,2020,10,Sunday,Mar 08,1648,2002.27450435289,824,1001.13725217645,-17.69,17.7 % less than typical
2020-03-08,6,1,68,2020,10,Sunday,Mar 08,1946,2354.35346345742,973,1177.17673172871,-17.34,17.3 % less than typical
2020-03-08,7,1,68,2020,10,Sunday,Mar 08,2509,2654.49609180772,1254.5,1327.24804590386,-5.48,5.5 % less than typical
2020-03-08,8,1,68,2020,10,Sunday,Mar 08,2543,3003.54071895094,1271.5,1501.77035947547,-15.33,15.3 % less than typical
2020-03-08,9,1,68,2020,10,Sunday,Mar 08,3244,3476.11160075749,1622,1738.05580037874,-6.68,6.7 % less than typical
2020-03-08,10,1,68,2020,10,Sunday,Mar 08,3751,4035.88542457092,1875.5,2017.94271228546,-7.06,7.1 % less than typical
2020-03-08,11,1,68,2020,10,Sunday,Mar 08,4014,4568.37973513894,2007,2284.18986756947,-12.14,12.1 % less than typical
2020-03-08,12,1,68,2020,10,Sunday,Mar 08,4605,4983.76953092675,2302.5,2491.88476546338,-7.6,7.6 % less than typical
2020-03-08,13,1,68,2020,10,Sunday,Mar 08,5360,5269.78661060148,2680,2634.89330530074,1.71,1.7 % more than typical
2020-03-08,14,1,68,2020,10,Sunday,Mar 08,5556,5444.83240236152,2778,2722.41620118076,2.04,2 % more than typical
2020-03-08,15,1,68,2020,10,Sunday,Mar 08,5038,5483.66821527044,2519,2741.83410763522,-8.13,8.1 % less than typical
2020-03-08,16,1,68,2020,10,Sunday,Mar 08,5315,5316.31225190838,2657.5,2658.15612595419,-0.02,0 % less than typical
2020-03-08,17,1,68,2020,10,Sunday,Mar 08,5278,4906.74090275708,2639,2453.37045137854,7.57,7.6 % more than typical
2020-03-08,18,1,68,2020,10,Sunday,Mar 08,4364,4318.69294138257,2182,2159.34647069128,1.05,1.1 % more than typical
2020-03-08,19,1,68,2020,10,Sunday,Mar 08,4583,3688.96279433262,2291.5,1844.48139716631,24.24,24.2 % more than typical
2020-03-08,20,1,68,2020,10,Sunday,Mar 08,2595,3133.69743754748,1297.5,1566.84871877374,-17.19,17.2 % less than typical
2020-03-08,21,1,68,2020,10,Sunday,Mar 08,2682,2683.46458949977,1341,1341.73229474989,-0.05,0 % less than typical
2020-03-08,22,1,68,2020,10,Sunday,Mar 08,1811,2300.89503231203,905.5,1150.44751615602,-21.29,21.3 % less than typical
2020-03-08,23,1,68,2020,10,Sunday,Mar 08,1766,1940.96708767627,883,970.483543838137,-9.01,9 % less than typical
2020-03-09,1,2,69,2020,10,Monday,Mar 09,610,835.356301712597,305,417.678150856299,-26.98,27 % less than typical
2020-03-09,2,2,69,2020,10,Monday,Mar 09,364,704.781082096482,182,352.390541048241,-48.35,48.4 % less than typical
2020-03-09,3,2,69,2020,10,Monday,Mar 09,806,1094.0142484466,403,547.007124223301,-26.33,26.3 % less than typical
2020-03-09,4,2,69,2020,10,Monday,Mar 09,2069,2171.03872606838,1034.5,1085.51936303419,-4.7,4.7 % less than typical
2020-03-09,5,2,69,2020,10,Monday,Mar 09,2929,3568.69888058922,1464.5,1784.34944029461,-17.93,17.9 % less than typical
2020-03-09,6,2,69,2020,10,Monday,Mar 09,3651,4702.59517591821,1825.5,2351.2975879591,-22.36,22.4 % less than typical
2020-03-09,7,2,69,2020,10,Monday,Mar 09,4969,5244.51342948889,2484.5,2622.25671474444,-5.25,5.2 % less than typical
2020-03-09,8,2,69,2020,10,Monday,Mar 09,4975,5277.220132799,2487.5,2638.6100663995,-5.73,5.7 % less than typical
2020-03-09,9,2,69,2020,10,Monday,Mar 09,4219,5074.3716857317,2109.5,2537.18584286585,-16.86,16.9 % less than typical
2020-03-09,10,2,69,2020,10,Monday,Mar 09,4018,4835.35533211595,2009,2417.67766605798,-16.9,16.9 % less than typical
2020-03-09,11,2,69,2020,10,Monday,Mar 09,4069,4653.97080837505,2034.5,2326.98540418752,-12.57,12.6 % less than typical
2020-03-09,12,2,69,2020,10,Monday,Mar 09,4656,4642.83516845786,2328,2321.41758422893,0.28,0.3 % more than typical
2020-03-09,13,2,69,2020,10,Monday,Mar 09,4673,4942.55181921463,2336.5,2471.27590960731,-5.45,5.5 % less than typical
2020-03-09,14,2,69,2020,10,Monday,Mar 09,4845,5541.51804416245,2422.5,2770.75902208122,-12.57,12.6 % less than typical
2020-03-09,15,2,69,2020,10,Monday,Mar 09,5424,6141.22819723287,2712,3070.61409861644,-11.68,11.7 % less than typical
2020-03-09,16,2,69,2020,10,Monday,Mar 09,6223,6307.28483551822,3111.5,3153.64241775911,-1.34,1.3 % less than typical
2020-03-09,17,2,69,2020,10,Monday,Mar 09,6298,5818.93379617668,3149,2909.46689808834,8.23,8.2 % more than typical
2020-03-09,18,2,69,2020,10,Monday,Mar 09,4291,4866.71796458882,2145.5,2433.35898229441,-11.83,11.8 % less than typical
2020-03-09,19,2,69,2020,10,Monday,Mar 09,4090,3882.80933304912,2045,1941.40466652456,5.34,5.3 % more than typical
2020-03-09,20,2,69,2020,10,Monday,Mar 09,2451,3178.53013781259,1225.5,1589.26506890629,-22.89,22.9 % less than typical
2020-03-09,21,2,69,2020,10,Monday,Mar 09,2821,2756.1636839621,1410.5,1378.08184198105,2.35,2.4 % more than typical
2020-03-09,22,2,69,2020,10,Monday,Mar 09,1881,2440.67689528975,940.5,1220.33844764487,-22.93,22.9 % less than typical
2020-03-09,23,2,69,2020,10,Monday,Mar 09,1732,2117.32622366187,866,1058.66311183093,-18.2,18.2 % less than typical
2020-03-10,1,3,70,2020,10,Tuesday,Mar 10,536,860.585316595346,268,430.292658297673,-37.72,37.7 % less than typical
2020-03-10,2,3,70,2020,10,Tuesday,Mar 10,388,656.277733610457,194,328.138866805228,-40.88,40.9 % less than typical
2020-03-10,3,3,70,2020,10,Tuesday,Mar 10,706,961.56894685346,353,480.78447342673,-26.58,26.6 % less than typical
2020-03-10,4,3,70,2020,10,Tuesday,Mar 10,1794,1961.72409741398,897,980.862048706991,-8.55,8.6 % less than typical
2020-03-10,5,3,70,2020,10,Tuesday,Mar 10,2834,3328.51669071168,1417,1664.25834535584,-14.86,14.9 % less than typical
2020-03-10,6,3,70,2020,10,Tuesday,Mar 10,3451,4496.15226507372,1725.5,2248.07613253686,-23.25,23.2 % less than typical
2020-03-10,7,3,70,2020,10,Tuesday,Mar 10,5035,5100.44722747483,2517.5,2550.22361373742,-1.28,1.3 % less than typical
2020-03-10,8,3,70,2020,10,Tuesday,Mar 10,4645,5150.02518593088,2322.5,2575.01259296544,-9.81,9.8 % less than typical
2020-03-10,9,3,70,2020,10,Tuesday,Mar 10,3940,4867.73548380594,1970,2433.86774190297,-19.06,19.1 % less than typical
2020-03-10,10,3,70,2020,10,Tuesday,Mar 10,3541,4478.75979434252,1770.5,2239.37989717126,-20.94,20.9 % less than typical
2020-03-10,11,3,70,2020,10,Tuesday,Mar 10,4007,4172.20128952523,2003.5,2086.10064476262,-3.96,4 % less than typical
2020-03-10,12,3,70,2020,10,Tuesday,Mar 10,4181,4157.84302876389,2090.5,2078.92151438195,0.56,0.6 % more than typical
2020-03-10,13,3,70,2020,10,Tuesday,Mar 10,4364,4601.72352491486,2182,2300.86176245743,-5.17,5.2 % less than typical
2020-03-10,14,3,70,2020,10,Tuesday,Mar 10,5024,5427.53724040663,2512,2713.76862020331,-7.43,7.4 % less than typical
2020-03-10,15,3,70,2020,10,Tuesday,Mar 10,5353,6232.24522853933,2676.5,3116.12261426966,-14.11,14.1 % less than typical
2020-03-10,16,3,70,2020,10,Tuesday,Mar 10,5997,6511.68351008639,2998.5,3255.8417550432,-7.9,7.9 % less than typical
2020-03-10,17,3,70,2020,10,Tuesday,Mar 10,6275,6047.60533594599,3137.5,3023.80266797299,3.76,3.8 % more than typical
2020-03-10,18,3,70,2020,10,Tuesday,Mar 10,3739,5080.67017602161,1869.5,2540.33508801081,-26.41,26.4 % less than typical
2020-03-10,19,3,70,2020,10,Tuesday,Mar 10,4131,4083.29993648322,2065.5,2041.64996824161,1.17,1.2 % more than typical
2020-03-10,20,3,70,2020,10,Tuesday,Mar 10,2492,3360.70918168601,1246,1680.354590843,-25.85,25.9 % less than typical
2020-03-10,21,3,70,2020,10,Tuesday,Mar 10,2865,2876.89850102978,1432.5,1438.44925051489,-0.41,0.4 % less than typical
2020-03-10,22,3,70,2020,10,Tuesday,Mar 10,1895,2432.5698501345,947.5,1216.28492506725,-22.1,22.1 % less than typical
2020-03-10,23,3,70,2020,10,Tuesday,Mar 10,1604,1932.37371588996,802,966.18685794498,-16.99,17 % less than typical
2020-03-11,1,4,71,2020,11,Wednesday,Mar 11,476,752.292750266467,238,376.146375133233,-36.73,36.7 % less than typical
2020-03-11,2,4,71,2020,11,Wednesday,Mar 11,346,652.978150385315,173,326.489075192657,-47.01,47 % less than typical
2020-03-11,3,4,71,2020,11,Wednesday,Mar 11,753,984.177006865019,376.5,492.08850343251,-23.49,23.5 % less than typical
2020-03-11,4,4,71,2020,11,Wednesday,Mar 11,1978,1917.77368320504,989,958.886841602519,3.14,3.1 % more than typical
2020-03-11,5,4,71,2020,11,Wednesday,Mar 11,2833,3197.79349475523,1416.5,1598.89674737761,-11.41,11.4 % less than typical
2020-03-11,6,4,71,2020,11,Wednesday,Mar 11,3463,4341.76128724327,1731.5,2170.88064362163,-20.24,20.2 % less than typical
2020-03-11,7,4,71,2020,11,Wednesday,Mar 11,4858,4996.32800075939,2429,2498.1640003797,-2.77,2.8 % less than typical
2020-03-11,8,4,71,2020,11,Wednesday,Mar 11,4688,5111.26365650953,2344,2555.63182825477,-8.28,8.3 % less than typical
2020-03-11,9,4,71,2020,11,Wednesday,Mar 11,3812,4857.69465849699,1906,2428.84732924849,-21.53,21.5 % less than typical
2020-03-11,10,4,71,2020,11,Wednesday,Mar 11,3538,4471.39761128223,1769,2235.69880564112,-20.87,20.9 % less than typical
2020-03-11,11,4,71,2020,11,Wednesday,Mar 11,3778,4187.48980255685,1889,2093.74490127843,-9.78,9.8 % less than typical
2020-03-11,12,4,71,2020,11,Wednesday,Mar 11,4215,4231.4616222903,2107.5,2115.73081114515,-0.39,0.4 % less than typical
2020-03-11,13,4,71,2020,11,Wednesday,Mar 11,4683,4736.60674403365,2341.5,2368.30337201683,-1.13,1.1 % less than typical
2020-03-11,14,4,71,2020,11,Wednesday,Mar 11,5053,5594.38551982875,2526.5,2797.19275991438,-9.68,9.7 % less than typical
2020-03-11,15,4,71,2020,11,Wednesday,Mar 11,5609,6416.75290828045,2804.5,3208.37645414023,-12.59,12.6 % less than typical
2020-03-11,16,4,71,2020,11,Wednesday,Mar 11,6265,6739.7224779919,3132.5,3369.86123899595,-7.04,7 % less than typical
2020-03-11,17,4,71,2020,11,Wednesday,Mar 11,6868,6344.64692116293,3434,3172.32346058147,8.25,8.2 % more than typical
2020-03-11,18,4,71,2020,11,Wednesday,Mar 11,4128,5410.30998757614,2064,2705.15499378807,-23.7,23.7 % less than typical
2020-03-11,19,4,71,2020,11,Wednesday,Mar 11,4530,4348.84621946662,2265,2174.42310973331,4.17,4.2 % more than typical
2020-03-11,20,4,71,2020,11,Wednesday,Mar 11,2763,3486.14410492377,1381.5,1743.07205246189,-20.74,20.7 % less than typical
2020-03-11,21,4,71,2020,11,Wednesday,Mar 11,2732,2884.44782831874,1366,1442.22391415937,-5.29,5.3 % less than typical
2020-03-11,22,4,71,2020,11,Wednesday,Mar 11,2342,2426.09809709791,1171,1213.04904854895,-3.47,3.5 % less than typical
2020-03-11,23,4,71,2020,11,Wednesday,Mar 11,1511,2000.35530972031,755.5,1000.17765486015,-24.46,24.5 % less than typical
2020-03-12,1,5,72,2020,11,Thursday,Mar 12,631,805.097886401859,315.5,402.548943200929,-21.62,21.6 % less than typical
2020-03-12,2,5,72,2020,11,Thursday,Mar 12,357,745.552311086501,178.5,372.77615554325,-52.12,52.1 % less than typical
2020-03-12,3,5,72,2020,11,Thursday,Mar 12,691,1117.46015886106,345.5,558.730079430532,-38.16,38.2 % less than typical
2020-03-12,4,5,72,2020,11,Thursday,Mar 12,1803,2080.49134053661,901.5,1040.24567026831,-13.34,13.3 % less than typical
2020-03-12,5,5,72,2020,11,Thursday,Mar 12,2698,3356.59156001445,1349,1678.29578000722,-19.62,19.6 % less than typical
2020-03-12,6,5,72,2020,11,Thursday,Mar 12,3087,4453.0425017487,1543.5,2226.52125087435,-30.68,30.7 % less than typical
2020-03-12,7,5,72,2020,11,Thursday,Mar 12,4575,5036.2287399692,2287.5,2518.1143699846,-9.16,9.2 % less than typical
2020-03-12,8,5,72,2020,11,Thursday,Mar 12,4573,5098.53839644023,2286.5,2549.26919822012,-10.31,10.3 % less than typical
2020-03-12,9,5,72,2020,11,Thursday,Mar 12,3869,4847.98786704191,1934.5,2423.99393352096,-20.19,20.2 % less than typical
2020-03-12,10,5,72,2020,11,Thursday,Mar 12,3793,4526.73297980229,1896.5,2263.36648990114,-16.21,16.2 % less than typical
2020-03-12,11,5,72,2020,11,Thursday,Mar 12,3935,4344.90597332508,1967.5,2172.45298666254,-9.43,9.4 % less than typical
2020-03-12,12,5,72,2020,11,Thursday,Mar 12,4233,4490.72247006666,2116.5,2245.36123503333,-5.74,5.7 % less than typical
2020-03-12,13,5,72,2020,11,Thursday,Mar 12,4714,5067.59122710631,2357,2533.79561355315,-6.98,7 % less than typical
2020-03-12,14,5,72,2020,11,Thursday,Mar 12,5194,5952.78314188314,2597,2976.39157094157,-12.75,12.8 % less than typical
2020-03-12,15,5,72,2020,11,Thursday,Mar 12,5321,6760.630722942,2660.5,3380.315361471,-21.29,21.3 % less than typical
2020-03-12,16,5,72,2020,11,Thursday,Mar 12,6301,7046.51683797553,3150.5,3523.25841898777,-10.58,10.6 % less than typical
2020-03-12,17,5,72,2020,11,Thursday,Mar 12,6499,6624.49167995035,3249.5,3312.24583997517,-1.89,1.9 % less than typical
2020-03-12,18,5,72,2020,11,Thursday,Mar 12,4513,5703.20695343429,2256.5,2851.60347671715,-20.87,20.9 % less than typical
2020-03-12,19,5,72,2020,11,Thursday,Mar 12,4390,4697.9727095699,2195,2348.98635478495,-6.56,6.6 % less than typical
2020-03-12,20,5,72,2020,11,Thursday,Mar 12,3202,3901.15552349661,1601,1950.57776174831,-17.92,17.9 % less than typical
2020-03-12,21,5,72,2020,11,Thursday,Mar 12,3163,3325.54932955333,1581.5,1662.77466477667,-4.89,4.9 % less than typical
2020-03-12,22,5,72,2020,11,Thursday,Mar 12,2508,2827.74132096978,1254,1413.87066048489,-11.31,11.3 % less than typical
2020-03-12,23,5,72,2020,11,Thursday,Mar 12,1451,2316.36250624268,725.5,1158.18125312134,-37.36,37.4 % less than typical
2020-03-13,1,6,73,2020,11,Friday,Mar 13,598,833.603085548983,299,416.801542774491,-28.26,28.3 % less than typical
2020-03-13,2,6,73,2020,11,Friday,Mar 13,428,738.513958197542,214,369.256979098771,-42.05,42 % less than typical
2020-03-13,3,6,73,2020,11,Friday,Mar 13,680,1091.3709062363,340,545.685453118151,-37.69,37.7 % less than typical
2020-03-13,4,6,73,2020,11,Friday,Mar 13,1714,2041.35330660898,857,1020.67665330449,-16.04,16 % less than typical
2020-03-13,5,6,73,2020,11,Friday,Mar 13,2548,3279.64810756255,1274,1639.82405378128,-22.31,22.3 % less than typical
2020-03-13,6,6,73,2020,11,Friday,Mar 13,2793,4306.10525925836,1396.5,2153.05262962918,-35.14,35.1 % less than typical
2020-03-13,7,6,73,2020,11,Friday,Mar 13,3994,4833.61804618189,1997,2416.80902309095,-17.37,17.4 % less than typical
2020-03-13,8,6,73,2020,11,Friday,Mar 13,4410,4928.97378732756,2205,2464.48689366378,-10.53,10.5 % less than typical
2020-03-13,9,6,73,2020,11,Friday,Mar 13,3871,4835.20777130372,1935.5,2417.60388565186,-19.94,19.9 % less than typical
2020-03-13,10,6,73,2020,11,Friday,Mar 13,3717,4745.00601048738,1858.5,2372.50300524369,-21.67,21.7 % less than typical
2020-03-13,11,6,73,2020,11,Friday,Mar 13,3956,4759.47387350731,1978,2379.73693675366,-16.88,16.9 % less than typical
2020-03-13,12,6,73,2020,11,Friday,Mar 13,4552,4975.63572399937,2276,2487.81786199969,-8.51,8.5 % less than typical
2020-03-13,13,6,73,2020,11,Friday,Mar 13,4979,5486.04430742706,2489.5,2743.02215371353,-9.24,9.2 % less than typical
2020-03-13,14,6,73,2020,11,Friday,Mar 13,5309,6232.68298487545,2654.5,3116.34149243772,-14.82,14.8 % less than typical
2020-03-13,15,6,73,2020,11,Friday,Mar 13,5734,6908.62648949124,2867,3454.31324474562,-17,17 % less than typical
2020-03-13,16,6,73,2020,11,Friday,Mar 13,5740,7102.5749985025,2870,3551.28749925125,-19.18,19.2 % less than typical
2020-03-13,17,6,73,2020,11,Friday,Mar 13,5625,6608.49069393691,2812.5,3304.24534696846,-14.88,14.9 % less than typical
2020-03-13,18,6,73,2020,11,Friday,Mar 13,4712,5602.52887809402,2356,2801.26443904701,-15.9,15.9 % less than typical
2020-03-13,19,6,73,2020,11,Friday,Mar 13,4201,4500.44679993377,2100.5,2250.22339996689,-6.65,6.7 % less than typical
2020-03-13,20,6,73,2020,11,Friday,Mar 13,3269,3636.00809599565,1634.5,1818.00404799783,-10.09,10.1 % less than typical
2020-03-13,21,6,73,2020,11,Friday,Mar 13,2704,3071.11398851251,1352,1535.55699425626,-11.95,11.9 % less than typical
2020-03-13,22,6,73,2020,11,Friday,Mar 13,2591,2676.40692770801,1295.5,1338.203463854,-3.19,3.2 % less than typical
2020-03-13,23,6,73,2020,11,Friday,Mar 13,1647,2326.03662657543,823.5,1163.01831328772,-29.19,29.2 % less than typical
2020-03-14,1,7,74,2020,11,Saturday,Mar 14,807,799.334930232039,403.5,399.667465116019,0.96,1 % more than typical
2020-03-14,2,7,74,2020,11,Saturday,Mar 14,396,952.879750035425,198,476.439875017713,-58.44,58.4 % less than typical
2020-03-14,3,7,74,2020,11,Saturday,Mar 14,781,1231.59606758233,390.5,615.798033791166,-36.59,36.6 % less than typical
2020-03-14,4,7,74,2020,11,Saturday,Mar 14,1449,1677.25545848463,724.5,838.627729242315,-13.61,13.6 % less than typical
2020-03-14,5,7,74,2020,11,Saturday,Mar 14,1697,2206.17950151234,848.5,1103.08975075617,-23.08,23.1 % less than typical
2020-03-14,6,7,74,2020,11,Saturday,Mar 14,1633,2689.19329543652,816.5,1344.59664771826,-39.28,39.3 % less than typical
2020-03-14,7,7,74,2020,11,Saturday,Mar 14,1910,3068.74327835969,955,1534.37163917984,-37.76,37.8 % less than typical
2020-03-14,8,7,74,2020,11,Saturday,Mar 14,2532,3392.68512105003,1266,1696.34256052502,-25.37,25.4 % less than typical
2020-03-14,9,7,74,2020,11,Saturday,Mar 14,2905,3744.61466763897,1452.5,1872.30733381948,-22.42,22.4 % less than typical
2020-03-14,10,7,74,2020,11,Saturday,Mar 14,3245,4154.30188771375,1622.5,2077.15094385687,-21.89,21.9 % less than typical
2020-03-14,11,7,74,2020,11,Saturday,Mar 14,3193,4574.75184571532,1596.5,2287.37592285766,-30.2,30.2 % less than typical
2020-03-14,12,7,74,2020,11,Saturday,Mar 14,3961,4928.40729005364,1980.5,2464.20364502682,-19.63,19.6 % less than typical
2020-03-14,13,7,74,2020,11,Saturday,Mar 14,3999,5157.5607693712,1999.5,2578.7803846856,-22.46,22.5 % less than typical
2020-03-14,14,7,74,2020,11,Saturday,Mar 14,4200,5231.86140415003,2100,2615.93070207501,-19.72,19.7 % less than typical
2020-03-14,15,7,74,2020,11,Saturday,Mar 14,3800,5130.99269069297,1900,2565.49634534648,-25.94,25.9 % less than typical
2020-03-14,16,7,74,2020,11,Saturday,Mar 14,3959,4846.78333251824,1979.5,2423.39166625912,-18.32,18.3 % less than typical
2020-03-14,17,7,74,2020,11,Saturday,Mar 14,3863,4409.61216342266,1931.5,2204.80608171133,-12.4,12.4 % less than typical
2020-03-14,18,7,74,2020,11,Saturday,Mar 14,3355,3898.23153447846,1677.5,1949.11576723923,-13.94,13.9 % less than typical
2020-03-14,19,7,74,2020,11,Saturday,Mar 14,3438,3403.98533335438,1719,1701.99266667719,1,1 % more than typical
2020-03-14,20,7,74,2020,11,Saturday,Mar 14,2435,2976.27490045417,1217.5,1488.13745022709,-18.19,18.2 % less than typical
2020-03-14,21,7,74,2020,11,Saturday,Mar 14,2191,2603.85970688056,1095.5,1301.92985344028,-15.86,15.9 % less than typical
2020-03-14,22,7,74,2020,11,Saturday,Mar 14,2030,2248.51834301852,1015,1124.25917150926,-9.72,9.7 % less than typical
2020-03-14,23,7,74,2020,11,Saturday,Mar 14,1717,1889.30325030625,858.5,944.651625153126,-9.12,9.1 % less than typical
2020-03-15,1,1,75,2020,11,Sunday,Mar 15,673,772.853901589756,336.5,386.426950794878,-12.92,12.9 % less than typical
2020-03-15,2,1,75,2020,11,Sunday,Mar 15,471,962.711827013665,235.5,481.355913506832,-51.08,51.1 % less than typical
2020-03-15,3,1,75,2020,11,Sunday,Mar 15,560,1248.39811842883,280,624.199059214413,-55.14,55.1 % less than typical
2020-03-15,4,1,75,2020,11,Sunday,Mar 15,1066,1643.3976699035,533,821.69883495175,-35.13,35.1 % less than typical
2020-03-15,5,1,75,2020,11,Sunday,Mar 15,1430,2060.94087305543,715,1030.47043652771,-30.61,30.6 % less than typical
2020-03-15,6,1,75,2020,11,Sunday,Mar 15,1432,2413.01983215995,716,1206.50991607998,-40.66,40.7 % less than typical
2020-03-15,7,1,75,2020,11,Sunday,Mar 15,1544,2713.16246051025,772,1356.58123025513,-43.09,43.1 % less than typical
2020-03-15,8,1,75,2020,11,Sunday,Mar 15,2018,3062.20708765347,1009,1531.10354382674,-34.1,34.1 % less than typical
2020-03-15,9,1,75,2020,11,Sunday,Mar 15,2458,3534.77796946002,1229,1767.38898473001,-30.46,30.5 % less than typical
2020-03-15,10,1,75,2020,11,Sunday,Mar 15,2968,4094.55179327346,1484,2047.27589663673,-27.51,27.5 % less than typical
2020-03-15,11,1,75,2020,11,Sunday,Mar 15,3285,4627.04610384147,1642.5,2313.52305192074,-29,29 % less than typical
2020-03-15,12,1,75,2020,11,Sunday,Mar 15,3693,5042.43589962929,1846.5,2521.21794981464,-26.76,26.8 % less than typical
2020-03-15,13,1,75,2020,11,Sunday,Mar 15,4130,5328.45297930402,2065,2664.22648965201,-22.49,22.5 % less than typical
2020-03-15,14,1,75,2020,11,Sunday,Mar 15,4450,5503.49877106406,2225,2751.74938553203,-19.14,19.1 % less than typical
2020-03-15,15,1,75,2020,11,Sunday,Mar 15,3704,5542.33458397297,1852,2771.16729198649,-33.17,33.2 % less than typical
2020-03-15,16,1,75,2020,11,Sunday,Mar 15,4009,5374.97862061091,2004.5,2687.48931030546,-25.41,25.4 % less than typical
2020-03-15,17,1,75,2020,11,Sunday,Mar 15,4026,4965.40727145961,2013,2482.70363572981,-18.92,18.9 % less than typical
2020-03-15,18,1,75,2020,11,Sunday,Mar 15,3375,4377.3593100851,1687.5,2188.67965504255,-22.9,22.9 % less than typical
2020-03-15,19,1,75,2020,11,Sunday,Mar 15,3683,3747.62916303515,1841.5,1873.81458151758,-1.72,1.7 % less than typical
2020-03-15,20,1,75,2020,11,Sunday,Mar 15,2164,3192.36380625002,1082,1596.18190312501,-32.21,32.2 % less than typical
2020-03-15,21,1,75,2020,11,Sunday,Mar 15,2462,2742.13095820231,1231,1371.06547910115,-10.22,10.2 % less than typical
2020-03-15,22,1,75,2020,11,Sunday,Mar 15,1977,2359.56140101457,988.5,1179.78070050728,-16.21,16.2 % less than typical
2020-03-15,23,1,75,2020,11,Sunday,Mar 15,1317,1999.63345637881,658.5,999.816728189404,-34.14,34.1 % less than typical
2020-03-16,1,2,76,2020,11,Monday,Mar 16,484,894.573496243052,242,447.286748121526,-45.9,45.9 % less than typical
2020-03-16,2,2,76,2020,11,Monday,Mar 16,351,763.998276626936,175.5,381.999138313468,-54.06,54.1 % less than typical
2020-03-16,3,2,76,2020,11,Monday,Mar 16,463,1153.23144297706,231.5,576.615721488528,-59.85,59.9 % less than typical
2020-03-16,4,2,76,2020,11,Monday,Mar 16,1330,2230.25592059884,665,1115.12796029942,-40.37,40.4 % less than typical
2020-03-16,5,2,76,2020,11,Monday,Mar 16,1951,3627.91607511967,975.5,1813.95803755984,-46.22,46.2 % less than typical
2020-03-16,6,2,76,2020,11,Monday,Mar 16,2321,4761.81237044866,1160.5,2380.90618522433,-51.26,51.3 % less than typical
2020-03-16,7,2,76,2020,11,Monday,Mar 16,3369,5303.73062401934,1684.5,2651.86531200967,-36.48,36.5 % less than typical
2020-03-16,8,2,76,2020,11,Monday,Mar 16,3308,5336.43732732945,1654,2668.21866366473,-38.01,38 % less than typical
2020-03-16,9,2,76,2020,11,Monday,Mar 16,2749,5133.58888026215,1374.5,2566.79444013108,-46.45,46.5 % less than typical
2020-03-16,10,2,76,2020,11,Monday,Mar 16,2620,4894.57252664641,1310,2447.2862633232,-46.47,46.5 % less than typical
2020-03-16,11,2,76,2020,11,Monday,Mar 16,2605,4713.1880029055,1302.5,2356.59400145275,-44.73,44.7 % less than typical
2020-03-16,12,2,76,2020,11,Monday,Mar 16,3185,4702.05236298831,1592.5,2351.02618149416,-32.26,32.3 % less than typical
2020-03-16,13,2,76,2020,11,Monday,Mar 16,3445,5001.76901374508,1722.5,2500.88450687254,-31.12,31.1 % less than typical
2020-03-16,14,2,76,2020,11,Monday,Mar 16,3839,5600.7352386929,1919.5,2800.36761934645,-31.46,31.5 % less than typical
2020-03-16,15,2,76,2020,11,Monday,Mar 16,3948,6200.44539176333,1974,3100.22269588166,-36.33,36.3 % less than typical
2020-03-16,16,2,76,2020,11,Monday,Mar 16,4376,6366.50203004868,2188,3183.25101502434,-31.27,31.3 % less than typical
2020-03-16,17,2,76,2020,11,Monday,Mar 16,4374,5878.15099070714,2187,2939.07549535357,-25.59,25.6 % less than typical
2020-03-16,18,2,76,2020,11,Monday,Mar 16,3139,4925.93515911927,1569.5,2462.96757955964,-36.28,36.3 % less than typical
2020-03-16,19,2,76,2020,11,Monday,Mar 16,3369,3942.02652757957,1684.5,1971.01326378979,-14.54,14.5 % less than typical
2020-03-16,20,2,76,2020,11,Monday,Mar 16,1956,3237.74733234304,978,1618.87366617152,-39.59,39.6 % less than typical
2020-03-16,21,2,76,2020,11,Monday,Mar 16,2020,2815.38087849255,1010,1407.69043924628,-28.25,28.2 % less than typical
2020-03-16,22,2,76,2020,11,Monday,Mar 16,1972,2499.8940898202,986,1249.9470449101,-21.12,21.1 % less than typical
2020-03-16,23,2,76,2020,11,Monday,Mar 16,1428,2176.54341819232,714,1088.27170909616,-34.39,34.4 % less than typical
2020-03-17,1,3,77,2020,11,Tuesday,Mar 17,564,920.434940007534,282,460.217470003767,-38.72,38.7 % less than typical
2020-03-17,2,3,77,2020,11,Tuesday,Mar 17,339,716.127357022645,169.5,358.063678511322,-52.66,52.7 % less than typical
2020-03-17,3,3,77,2020,11,Tuesday,Mar 17,436,1021.41857026565,218,510.709285132824,-57.31,57.3 % less than typical
2020-03-17,4,3,77,2020,11,Tuesday,Mar 17,958,2021.57372082617,479,1010.78686041309,-52.61,52.6 % less than typical
2020-03-17,5,3,77,2020,11,Tuesday,Mar 17,1609,3388.36631412387,804.5,1694.18315706193,-52.51,52.5 % less than typical
2020-03-17,6,3,77,2020,11,Tuesday,Mar 17,2087,4556.00188848591,1043.5,2278.00094424295,-54.19,54.2 % less than typical
2020-03-17,7,3,77,2020,11,Tuesday,Mar 17,2864,5160.29685088702,1432,2580.14842544351,-44.5,44.5 % less than typical
2020-03-17,8,3,77,2020,11,Tuesday,Mar 17,2703,5209.87480934307,1351.5,2604.93740467153,-48.12,48.1 % less than typical
2020-03-17,9,3,77,2020,11,Tuesday,Mar 17,2272,4927.58510721813,1136,2463.79255360906,-53.89,53.9 % less than typical
2020-03-17,10,3,77,2020,11,Tuesday,Mar 17,2599,4538.60941775471,1299.5,2269.30470887736,-42.74,42.7 % less than typical
2020-03-17,11,3,77,2020,11,Tuesday,Mar 17,2581,4232.05091293742,1290.5,2116.02545646871,-39.01,39 % less than typical
2020-03-17,12,3,77,2020,11,Tuesday,Mar 17,3099,4217.69265217608,1549.5,2108.84632608804,-26.52,26.5 % less than typical
2020-03-17,13,3,77,2020,11,Tuesday,Mar 17,3373,4661.57314832705,1686.5,2330.78657416353,-27.64,27.6 % less than typical
2020-03-17,14,3,77,2020,11,Tuesday,Mar 17,3688,5487.38686381882,1844,2743.69343190941,-32.79,32.8 % less than typical
2020-03-17,15,3,77,2020,11,Tuesday,Mar 17,3455,6292.09485195152,1727.5,3146.04742597576,-45.09,45.1 % less than typical
2020-03-17,16,3,77,2020,11,Tuesday,Mar 17,3791,6571.53313349858,1895.5,3285.76656674929,-42.31,42.3 % less than typical
2020-03-17,17,3,77,2020,11,Tuesday,Mar 17,3937,6107.45495935818,1968.5,3053.72747967909,-35.54,35.5 % less than typical
2020-03-17,18,3,77,2020,11,Tuesday,Mar 17,2969,5140.5197994338,1484.5,2570.2598997169,-42.24,42.2 % less than typical
2020-03-17,19,3,77,2020,11,Tuesday,Mar 17,2596,4143.14955989541,1298,2071.5747799477,-37.34,37.3 % less than typical
2020-03-17,20,3,77,2020,11,Tuesday,Mar 17,1690,3420.5588050982,845,1710.2794025491,-50.59,50.6 % less than typical
2020-03-17,21,3,77,2020,11,Tuesday,Mar 17,1737,2936.74812444196,868.5,1468.37406222098,-40.85,40.9 % less than typical
2020-03-17,22,3,77,2020,11,Tuesday,Mar 17,1566,2492.41947354668,783,1246.20973677334,-37.17,37.2 % less than typical
2020-03-17,23,3,77,2020,11,Tuesday,Mar 17,1071,1992.22333930215,535.5,996.111669651074,-46.24,46.2 % less than typical
2020-03-18,1,4,78,2020,12,Wednesday,Mar 18,514,812.788926679884,257,406.394463339942,-36.76,36.8 % less than typical
2020-03-18,2,4,78,2020,12,Wednesday,Mar 18,380,713.474326798732,190,356.737163399366,-46.74,46.7 % less than typical
2020-03-18,3,4,78,2020,12,Wednesday,Mar 18,422,1044.67318327844,211,522.336591639218,-59.6,59.6 % less than typical
2020-03-18,4,4,78,2020,12,Wednesday,Mar 18,868,1978.26985961846,434,989.134929809228,-56.12,56.1 % less than typical
2020-03-18,5,4,78,2020,12,Wednesday,Mar 18,1450,3258.28967116865,725,1629.14483558432,-55.5,55.5 % less than typical
2020-03-18,6,4,78,2020,12,Wednesday,Mar 18,1899,4402.25746365668,949.5,2201.12873182834,-56.86,56.9 % less than typical
2020-03-18,7,4,78,2020,12,Wednesday,Mar 18,2469,5056.82417717281,1234.5,2528.4120885864,-51.17,51.2 % less than typical
2020-03-18,8,4,78,2020,12,Wednesday,Mar 18,2177,5171.75983292295,1088.5,2585.87991646147,-57.91,57.9 % less than typical
2020-03-18,9,4,78,2020,12,Wednesday,Mar 18,2031,4918.1908349104,1015.5,2459.0954174552,-58.7,58.7 % less than typical
2020-03-18,10,4,78,2020,12,Wednesday,Mar 18,2134,4531.89378769565,1067,2265.94689384782,-52.91,52.9 % less than typical
2020-03-18,11,4,78,2020,12,Wednesday,Mar 18,2208,4247.98597897027,1104,2123.99298948514,-48.02,48 % less than typical
2020-03-18,12,4,78,2020,12,Wednesday,Mar 18,2490,4291.95779870371,1245,2145.97889935186,-41.98,42 % less than typical
2020-03-18,13,4,78,2020,12,Wednesday,Mar 18,2783,4797.10292044707,1391.5,2398.55146022353,-41.99,42 % less than typical
2020-03-18,14,4,78,2020,12,Wednesday,Mar 18,3174,5654.88169624217,1587,2827.44084812109,-43.87,43.9 % less than typical
2020-03-18,15,4,78,2020,12,Wednesday,Mar 18,2945,6477.24908469387,1472.5,3238.62454234694,-54.53,54.5 % less than typical
2020-03-18,16,4,78,2020,12,Wednesday,Mar 18,3283,6800.21865440532,1641.5,3400.10932720266,-51.72,51.7 % less than typical
2020-03-18,17,4,78,2020,12,Wednesday,Mar 18,3207,6405.14309757635,1603.5,3202.57154878818,-49.93,49.9 % less than typical
2020-03-18,18,4,78,2020,12,Wednesday,Mar 18,2449,5470.80616398955,1224.5,2735.40308199478,-55.24,55.2 % less than typical
2020-03-18,19,4,78,2020,12,Wednesday,Mar 18,2373,4409.34239588004,1186.5,2204.67119794002,-46.18,46.2 % less than typical
2020-03-18,20,4,78,2020,12,Wednesday,Mar 18,1617,3546.64028133719,808.5,1773.3201406686,-54.41,54.4 % less than typical
2020-03-18,21,4,78,2020,12,Wednesday,Mar 18,1371,2944.94400473216,685.5,1472.47200236608,-53.45,53.5 % less than typical
2020-03-18,22,4,78,2020,12,Wednesday,Mar 18,1299,2486.59427351132,649.5,1243.29713675566,-47.76,47.8 % less than typical
2020-03-18,23,4,78,2020,12,Wednesday,Mar 18,945,2060.85148613372,472.5,1030.42574306686,-54.15,54.1 % less than typical
2020-03-19,1,5,79,2020,12,Thursday,Mar 19,463,866.18710171758,231.5,433.09355085879,-46.55,46.5 % less than typical
2020-03-19,2,5,79,2020,12,Thursday,Mar 19,383,806.641526402223,191.5,403.320763201111,-52.52,52.5 % less than typical
2020-03-19,3,5,79,2020,12,Thursday,Mar 19,348,1178.54937417679,174,589.274687088393,-70.47,70.5 % less than typical
2020-03-19,4,5,79,2020,12,Thursday,Mar 19,799,2141.58055585234,399.5,1070.79027792617,-62.69,62.7 % less than typical
2020-03-19,5,5,79,2020,12,Thursday,Mar 19,1306,3417.68077533017,653,1708.84038766509,-61.79,61.8 % less than typical
2020-03-19,6,5,79,2020,12,Thursday,Mar 19,1664,4514.13171706442,832,2257.06585853221,-63.14,63.1 % less than typical
2020-03-19,7,5,79,2020,12,Thursday,Mar 19,2090,5097.31795528492,1045,2548.65897764246,-59,59 % less than typical
2020-03-19,8,5,79,2020,12,Thursday,Mar 19,1907,5159.62761175595,953.5,2579.81380587798,-63.04,63 % less than typical
2020-03-19,9,5,79,2020,12,Thursday,Mar 19,1802,4909.07708235763,901,2454.53854117882,-63.29,63.3 % less than typical
2020-03-19,10,5,79,2020,12,Thursday,Mar 19,1715,4587.82219511801,857.5,2293.91109755901,-62.62,62.6 % less than typical
2020-03-19,11,5,79,2020,12,Thursday,Mar 19,1755,4405.9951886408,877.5,2202.9975943204,-60.17,60.2 % less than typical
2020-03-19,12,5,79,2020,12,Thursday,Mar 19,2121,4551.81168538239,1060.5,2275.90584269119,-53.4,53.4 % less than typical
2020-03-19,13,5,79,2020,12,Thursday,Mar 19,2469,5128.68044242203,1234.5,2564.34022121101,-51.86,51.9 % less than typical
2020-03-19,14,5,79,2020,12,Thursday,Mar 19,2746,6013.87235719886,1373,3006.93617859943,-54.34,54.3 % less than typical
2020-03-19,15,5,79,2020,12,Thursday,Mar 19,2603,6821.71993825773,1301.5,3410.85996912886,-61.84,61.8 % less than typical
2020-03-19,16,5,79,2020,12,Thursday,Mar 19,2906,7107.60605329126,1453,3553.80302664563,-59.11,59.1 % less than typical
2020-03-19,17,5,79,2020,12,Thursday,Mar 19,2829,6685.58089526607,1414.5,3342.79044763303,-57.69,57.7 % less than typical
2020-03-19,18,5,79,2020,12,Thursday,Mar 19,2373,5764.29616875002,1186.5,2882.14808437501,-58.83,58.8 % less than typical
2020-03-19,19,5,79,2020,12,Thursday,Mar 19,1886,4759.06192488562,943,2379.53096244281,-60.37,60.4 % less than typical
2020-03-19,20,5,79,2020,12,Thursday,Mar 19,1227,3962.24473881234,613.5,1981.12236940617,-69.03,69 % less than typical
2020-03-19,21,5,79,2020,12,Thursday,Mar 19,1055,3386.63854486905,527.5,1693.31927243453,-68.85,68.8 % less than typical
2020-03-19,22,5,79,2020,12,Thursday,Mar 19,1111,2888.8305362855,555.5,1444.41526814275,-61.54,61.5 % less than typical
2020-03-19,23,5,79,2020,12,Thursday,Mar 19,993,2377.4517215584,496.5,1188.7258607792,-58.23,58.2 % less than typical
2020-03-20,1,6,80,2020,12,Friday,Mar 20,402,895.170528089191,201,447.585264044596,-55.09,55.1 % less than typical
2020-03-20,2,6,80,2020,12,Friday,Mar 20,329,800.08140073775,164.5,400.040700368875,-58.88,58.9 % less than typical
2020-03-20,3,6,80,2020,12,Friday,Mar 20,433,1152.93834877651,216.5,576.469174388255,-62.44,62.4 % less than typical
2020-03-20,4,6,80,2020,12,Friday,Mar 20,656,2102.92074914919,328,1051.4603745746,-68.81,68.8 % less than typical
2020-03-20,5,6,80,2020,12,Friday,Mar 20,1169,3341.21555010276,584.5,1670.60777505138,-65.01,65 % less than typical
2020-03-20,6,6,80,2020,12,Friday,Mar 20,1653,4367.67270179857,826.5,2183.83635089928,-62.15,62.1 % less than typical
2020-03-20,7,6,80,2020,12,Friday,Mar 20,2016,4895.1854887221,1008,2447.59274436105,-58.82,58.8 % less than typical
2020-03-20,8,6,80,2020,12,Friday,Mar 20,1832,4990.54122986777,916,2495.27061493389,-63.29,63.3 % less than typical
2020-03-20,9,6,80,2020,12,Friday,Mar 20,1861,4896.77521384393,930.5,2448.38760692196,-62,62 % less than typical
2020-03-20,10,6,80,2020,12,Friday,Mar 20,1795,4806.57345302759,897.5,2403.28672651379,-62.66,62.7 % less than typical
2020-03-20,11,6,80,2020,12,Friday,Mar 20,1914,4821.04131604752,957,2410.52065802376,-60.3,60.3 % less than typical
2020-03-20,12,6,80,2020,12,Friday,Mar 20,2472,5037.20316653958,1236,2518.60158326979,-50.93,50.9 % less than typical
2020-03-20,13,6,80,2020,12,Friday,Mar 20,2741,5547.61174996727,1370.5,2773.80587498363,-50.59,50.6 % less than typical
2020-03-20,14,6,80,2020,12,Friday,Mar 20,2856,6294.25042741565,1428,3147.12521370783,-54.63,54.6 % less than typical
2020-03-20,15,6,80,2020,12,Friday,Mar 20,2858,6970.19393203145,1429,3485.09696601572,-59,59 % less than typical
2020-03-20,16,6,80,2020,12,Friday,Mar 20,2883,7164.1424410427,1441.5,3582.07122052135,-59.76,59.8 % less than typical
2020-03-20,17,6,80,2020,12,Friday,Mar 20,2990,6670.05813647712,1495,3335.02906823856,-55.17,55.2 % less than typical
2020-03-20,18,6,80,2020,12,Friday,Mar 20,2319,5664.09632063423,1159.5,2832.04816031711,-59.06,59.1 % less than typical
2020-03-20,19,6,80,2020,12,Friday,Mar 20,2108,4562.01424247398,1054,2281.00712123699,-53.79,53.8 % less than typical
2020-03-20,20,6,80,2020,12,Friday,Mar 20,1276,3697.57553853586,638,1848.78776926793,-65.49,65.5 % less than typical
2020-03-20,21,6,80,2020,12,Friday,Mar 20,1354,3132.68143105272,677,1566.34071552636,-56.78,56.8 % less than typical
2020-03-20,22,6,80,2020,12,Friday,Mar 20,1249,2737.97437024822,624.5,1368.98718512411,-54.38,54.4 % less than typical
2020-03-20,23,6,80,2020,12,Friday,Mar 20,919,2387.60406911564,459.5,1193.80203455782,-61.51,61.5 % less than typical
2020-03-21,1,7,81,2020,12,Saturday,Mar 21,350,861.216608094661,175,430.60830404733,-59.36,59.4 % less than typical
2020-03-21,2,7,81,2020,12,Saturday,Mar 21,219,1014.76142789805,109.5,507.380713949024,-78.42,78.4 % less than typical
2020-03-21,3,7,81,2020,12,Saturday,Mar 21,259,1293.47774544495,129.5,646.738872722477,-79.98,80 % less than typical
2020-03-21,4,7,81,2020,12,Saturday,Mar 21,496,1739.13713634725,248,869.568568173626,-71.48,71.5 % less than typical
2020-03-21,5,7,81,2020,12,Saturday,Mar 21,803,2268.06117937497,401.5,1134.03058968748,-64.6,64.6 % less than typical
2020-03-21,6,7,81,2020,12,Saturday,Mar 21,743,2751.07497329914,371.5,1375.53748664957,-72.99,73 % less than typical
2020-03-21,7,7,81,2020,12,Saturday,Mar 21,862,3130.62495622231,431,1565.31247811116,-72.47,72.5 % less than typical
2020-03-21,8,7,81,2020,12,Saturday,Mar 21,1066,3454.56679891265,533,1727.28339945633,-69.14,69.1 % less than typical
2020-03-21,9,7,81,2020,12,Saturday,Mar 21,1303,3806.49634550159,651.5,1903.2481727508,-65.77,65.8 % less than typical
2020-03-21,10,7,81,2020,12,Saturday,Mar 21,1624,4216.18356557637,812,2108.09178278818,-61.48,61.5 % less than typical
2020-03-21,11,7,81,2020,12,Saturday,Mar 21,1755,4636.63352357794,877.5,2318.31676178897,-62.15,62.1 % less than typical
2020-03-21,12,7,81,2020,12,Saturday,Mar 21,2058,4990.28896791626,1029,2495.14448395813,-58.76,58.8 % less than typical
2020-03-21,13,7,81,2020,12,Saturday,Mar 21,2102,5219.44244723382,1051,2609.72122361691,-59.73,59.7 % less than typical
2020-03-21,14,7,81,2020,12,Saturday,Mar 21,2378,5293.74308201265,1189,2646.87154100632,-55.08,55.1 % less than typical
2020-03-21,15,7,81,2020,12,Saturday,Mar 21,2124,5192.87436855559,1062,2596.43718427779,-59.1,59.1 % less than typical
2020-03-21,16,7,81,2020,12,Saturday,Mar 21,2106,4908.66501038086,1053,2454.33250519043,-57.1,57.1 % less than typical
2020-03-21,17,7,81,2020,12,Saturday,Mar 21,2363,4471.49384128529,1181.5,2235.74692064264,-47.15,47.1 % less than typical
2020-03-21,18,7,81,2020,12,Saturday,Mar 21,1825,3960.11321234109,912.5,1980.05660617054,-53.92,53.9 % less than typical
2020-03-21,19,7,81,2020,12,Saturday,Mar 21,2045,3465.867011217,1022.5,1732.9335056085,-41,41 % less than typical
2020-03-21,20,7,81,2020,12,Saturday,Mar 21,1185,3038.1565783168,592.5,1519.0782891584,-61,61 % less than typical
2020-03-21,21,7,81,2020,12,Saturday,Mar 21,903,2665.74138474318,451.5,1332.87069237159,-66.13,66.1 % less than typical
2020-03-21,22,7,81,2020,12,Saturday,Mar 21,1086,2310.40002088114,543,1155.20001044057,-53,53 % less than typical
2020-03-21,23,7,81,2020,12,Saturday,Mar 21,864,1951.18492816887,432,975.592464084437,-55.72,55.7 % less than typical
2020-03-22,1,1,82,2020,12,Sunday,Mar 22,289,834.853292902153,144.5,417.426646451077,-65.38,65.4 % less than typical
2020-03-22,2,1,82,2020,12,Sunday,Mar 22,211,1024.71121832606,105.5,512.355609163031,-79.41,79.4 % less than typical
2020-03-22,3,1,82,2020,12,Sunday,Mar 22,256,1310.39750974122,128,655.198754870612,-80.46,80.5 % less than typical
2020-03-22,4,1,82,2020,12,Sunday,Mar 22,436,1705.3970612159,218,852.698530607949,-74.43,74.4 % less than typical
2020-03-22,5,1,82,2020,12,Sunday,Mar 22,674,2122.94026436782,337,1061.47013218391,-68.25,68.2 % less than typical
2020-03-22,6,1,82,2020,12,Sunday,Mar 22,647,2475.01922347235,323.5,1237.50961173617,-73.86,73.9 % less than typical
2020-03-22,7,1,82,2020,12,Sunday,Mar 22,679,2775.16185182265,339.5,1387.58092591132,-75.53,75.5 % less than typical
2020-03-22,8,1,82,2020,12,Sunday,Mar 22,794,3124.20647896587,397,1562.10323948294,-74.59,74.6 % less than typical
2020-03-22,9,1,82,2020,12,Sunday,Mar 22,956,3596.77736077242,478,1798.38868038621,-73.42,73.4 % less than typical
2020-03-22,10,1,82,2020,12,Sunday,Mar 22,1345,4156.55118458585,672.5,2078.27559229293,-67.64,67.6 % less than typical
2020-03-22,11,1,82,2020,12,Sunday,Mar 22,1480,4689.04549515387,740,2344.52274757694,-68.44,68.4 % less than typical
2020-03-22,12,1,82,2020,12,Sunday,Mar 22,1940,5104.43529094169,970,2552.21764547084,-61.99,62 % less than typical
2020-03-22,13,1,82,2020,12,Sunday,Mar 22,2041,5390.45237061642,1020.5,2695.22618530821,-62.14,62.1 % less than typical
2020-03-22,14,1,82,2020,12,Sunday,Mar 22,2004,5565.49816237645,1002,2782.74908118823,-63.99,64 % less than typical
2020-03-22,15,1,82,2020,12,Sunday,Mar 22,1789,5604.33397528537,894.5,2802.16698764269,-68.08,68.1 % less than typical
2020-03-22,16,1,82,2020,12,Sunday,Mar 22,2033,5436.97801192331,1016.5,2718.48900596165,-62.61,62.6 % less than typical
2020-03-22,17,1,82,2020,12,Sunday,Mar 22,2014,5027.40666277201,1007,2513.70333138601,-59.94,59.9 % less than typical
2020-03-22,18,1,82,2020,12,Sunday,Mar 22,1624,4439.3587013975,812,2219.67935069875,-63.42,63.4 % less than typical
2020-03-22,19,1,82,2020,12,Sunday,Mar 22,1597,3809.62855434755,798.5,1904.81427717377,-58.08,58.1 % less than typical
2020-03-22,20,1,82,2020,12,Sunday,Mar 22,897,3254.36319756241,448.5,1627.18159878121,-72.44,72.4 % less than typical
2020-03-22,21,1,82,2020,12,Sunday,Mar 22,962,2804.13034951471,481,1402.06517475735,-65.69,65.7 % less than typical
2020-03-22,22,1,82,2020,12,Sunday,Mar 22,922,2421.56079232697,461,1210.78039616348,-61.93,61.9 % less than typical
2020-03-22,23,1,82,2020,12,Sunday,Mar 22,611,2061.63284769121,305.5,1030.8164238456,-70.36,70.4 % less than typical
2020-03-23,1,2,83,2020,12,Monday,Mar 23,282,956.481078369314,141,478.240539184657,-70.52,70.5 % less than typical
2020-03-23,2,2,83,2020,12,Monday,Mar 23,177,825.905858753198,88.5,412.952929376599,-78.57,78.6 % less than typical
2020-03-23,3,2,83,2020,12,Monday,Mar 23,264,1215.13902510332,132,607.569512551659,-78.27,78.3 % less than typical
2020-03-23,4,2,83,2020,12,Monday,Mar 23,555,2292.1635027251,277.5,1146.08175136255,-75.79,75.8 % less than typical
2020-03-23,5,2,83,2020,12,Monday,Mar 23,989,3689.82365724593,494.5,1844.91182862297,-73.2,73.2 % less than typical
2020-03-23,6,2,83,2020,12,Monday,Mar 23,1491,4823.71995257492,745.5,2411.85997628746,-69.09,69.1 % less than typical
2020-03-23,7,2,83,2020,12,Monday,Mar 23,1652,5365.6382061456,826,2682.8191030728,-69.21,69.2 % less than typical
2020-03-23,8,2,83,2020,12,Monday,Mar 23,1494,5398.34490945572,747,2699.17245472786,-72.32,72.3 % less than typical
2020-03-23,9,2,83,2020,12,Monday,Mar 23,1324,5195.49646238842,662,2597.74823119421,-74.52,74.5 % less than typical
2020-03-23,10,2,83,2020,12,Monday,Mar 23,1406,4956.48010877267,703,2478.24005438633,-71.63,71.6 % less than typical
2020-03-23,11,2,83,2020,12,Monday,Mar 23,1629,4775.09558503176,814.5,2387.54779251588,-65.89,65.9 % less than typical
2020-03-23,12,2,83,2020,12,Monday,Mar 23,1937,4763.95994511457,968.5,2381.97997255729,-59.34,59.3 % less than typical
2020-03-23,13,2,83,2020,12,Monday,Mar 23,2042,5063.67659587134,1021,2531.83829793567,-59.67,59.7 % less than typical
2020-03-23,14,2,83,2020,12,Monday,Mar 23,2273,5662.64282081916,1136.5,2831.32141040958,-59.86,59.9 % less than typical
2020-03-23,15,2,83,2020,12,Monday,Mar 23,2261,6262.35297388959,1130.5,3131.17648694479,-63.9,63.9 % less than typical
2020-03-23,16,2,83,2020,12,Monday,Mar 23,2363,6428.40961217494,1181.5,3214.20480608747,-63.24,63.2 % less than typical
2020-03-23,17,2,83,2020,12,Monday,Mar 23,2140,5940.0585728334,1070,2970.0292864167,-63.97,64 % less than typical
2020-03-23,18,2,83,2020,12,Monday,Mar 23,1605,4987.84274124553,802.5,2493.92137062277,-67.82,67.8 % less than typical
2020-03-23,19,2,83,2020,12,Monday,Mar 23,1537,4003.93410970583,768.5,2001.96705485292,-61.61,61.6 % less than typical
2020-03-23,20,2,83,2020,12,Monday,Mar 23,771,3299.6549144693,385.5,1649.82745723465,-76.63,76.6 % less than typical
2020-03-23,21,2,83,2020,12,Monday,Mar 23,884,2877.28846061881,442,1438.64423030941,-69.28,69.3 % less than typical
2020-03-23,22,2,83,2020,12,Monday,Mar 23,783,2561.80167194647,391.5,1280.90083597323,-69.44,69.4 % less than typical
2020-03-23,23,2,83,2020,12,Monday,Mar 23,700,2238.45100031859,350,1119.22550015929,-68.73,68.7 % less than typical
2020-03-24,1,3,84,2020,12,Tuesday,Mar 24,299,982.048673945432,149.5,491.024336972716,-69.55,69.5 % less than typical
2020-03-24,2,3,84,2020,12,Tuesday,Mar 24,304,777.741090960542,152,388.870545480271,-60.91,60.9 % less than typical
2020-03-24,3,3,84,2020,12,Tuesday,Mar 24,350,1083.03230420355,175,541.516152101773,-67.68,67.7 % less than typical
2020-03-24,4,3,84,2020,12,Tuesday,Mar 24,570,2083.18745476407,285,1041.59372738203,-72.64,72.6 % less than typical
2020-03-24,5,3,84,2020,12,Tuesday,Mar 24,957,3449.98004806177,478.5,1724.99002403088,-72.26,72.3 % less than typical
2020-03-24,6,3,84,2020,12,Tuesday,Mar 24,1349,4617.61562242381,674.5,2308.8078112119,-70.79,70.8 % less than typical
2020-03-24,7,3,84,2020,12,Tuesday,Mar 24,1628,5221.91058482492,814,2610.95529241246,-68.82,68.8 % less than typical
2020-03-24,8,3,84,2020,12,Tuesday,Mar 24,1398,5271.48854328096,699,2635.74427164048,-73.48,73.5 % less than typical
2020-03-24,9,3,84,2020,12,Tuesday,Mar 24,1343,4989.19884115603,671.5,2494.59942057801,-73.08,73.1 % less than typical
2020-03-24,10,3,84,2020,12,Tuesday,Mar 24,1462,4600.22315169261,731,2300.11157584631,-68.22,68.2 % less than typical
2020-03-24,11,3,84,2020,12,Tuesday,Mar 24,1641,4293.66464687532,820.5,2146.83232343766,-61.78,61.8 % less than typical
2020-03-24,12,3,84,2020,12,Tuesday,Mar 24,2182,4279.30638611398,1091,2139.65319305699,-49.01,49 % less than typical
2020-03-24,13,3,84,2020,12,Tuesday,Mar 24,2136,4723.18688226495,1068,2361.59344113248,-54.78,54.8 % less than typical
2020-03-24,14,3,84,2020,12,Tuesday,Mar 24,2286,5549.00059775671,1143,2774.50029887836,-58.8,58.8 % less than typical
2020-03-24,15,3,84,2020,12,Tuesday,Mar 24,2301,6353.70858588941,1150.5,3176.85429294471,-63.78,63.8 % less than typical
2020-03-24,16,3,84,2020,12,Tuesday,Mar 24,2329,6633.14686743648,1164.5,3316.57343371824,-64.89,64.9 % less than typical
2020-03-24,17,3,84,2020,12,Tuesday,Mar 24,2110,6169.06869329607,1055,3084.53434664804,-65.8,65.8 % less than typical
2020-03-24,18,3,84,2020,12,Tuesday,Mar 24,1475,5202.1335333717,737.5,2601.06676668585,-71.65,71.7 % less than typical
2020-03-24,19,3,84,2020,12,Tuesday,Mar 24,1390,4204.76329383331,695,2102.38164691665,-66.94,66.9 % less than typical
2020-03-24,20,3,84,2020,12,Tuesday,Mar 24,838,3482.1725390361,419,1741.08626951805,-75.93,75.9 % less than typical
2020-03-24,21,3,84,2020,12,Tuesday,Mar 24,894,2998.36185837986,447,1499.18092918993,-70.18,70.2 % less than typical
2020-03-24,22,3,84,2020,12,Tuesday,Mar 24,775,2554.03320748458,387.5,1277.01660374229,-69.66,69.7 % less than typical
2020-03-24,23,3,84,2020,12,Tuesday,Mar 24,713,2053.83707324005,356.5,1026.91853662002,-65.28,65.3 % less than typical
2020-03-25,1,4,85,2020,13,Wednesday,Mar 25,231,873.933659816753,115.5,436.966829908376,-73.57,73.6 % less than typical
2020-03-25,2,4,85,2020,13,Wednesday,Mar 25,272,774.619059935601,136,387.3095299678,-64.89,64.9 % less than typical
2020-03-25,3,4,85,2020,13,Wednesday,Mar 25,282,1105.81791641531,141,552.908958207653,-74.5,74.5 % less than typical
2020-03-25,4,4,85,2020,13,Wednesday,Mar 25,505,2039.41459275532,252.5,1019.70729637766,-75.24,75.2 % less than typical
2020-03-25,5,4,85,2020,13,Wednesday,Mar 25,987,3319.43440430552,493.5,1659.71720215276,-70.27,70.3 % less than typical
2020-03-25,6,4,85,2020,13,Wednesday,Mar 25,1225,4463.40219679355,612.5,2231.70109839678,-72.55,72.5 % less than typical
2020-03-25,7,4,85,2020,13,Wednesday,Mar 25,1474,5117.96891030968,737,2558.98445515484,-71.2,71.2 % less than typical
2020-03-25,8,4,85,2020,13,Wednesday,Mar 25,1379,5232.90456605982,689.5,2616.45228302991,-73.65,73.7 % less than typical
2020-03-25,9,4,85,2020,13,Wednesday,Mar 25,1217,4979.33556804727,608.5,2489.66778402364,-75.56,75.6 % less than typical
2020-03-25,10,4,85,2020,13,Wednesday,Mar 25,1341,4593.03852083252,670.5,2296.51926041626,-70.8,70.8 % less than typical
2020-03-25,11,4,85,2020,13,Wednesday,Mar 25,1491,4309.13071210714,745.5,2154.56535605357,-65.4,65.4 % less than typical
2020-03-25,12,4,85,2020,13,Wednesday,Mar 25,1701,4353.10253184058,850.5,2176.55126592029,-60.92,60.9 % less than typical
2020-03-25,13,4,85,2020,13,Wednesday,Mar 25,1949,4858.24765358394,974.5,2429.12382679197,-59.88,59.9 % less than typical
2020-03-25,14,4,85,2020,13,Wednesday,Mar 25,2169,5716.02642937904,1084.5,2858.01321468952,-62.05,62 % less than typical
2020-03-25,15,4,85,2020,13,Wednesday,Mar 25,2222,6538.39381783074,1111,3269.19690891537,-66.02,66 % less than typical
2020-03-25,16,4,85,2020,13,Wednesday,Mar 25,2271,6861.36338754219,1135.5,3430.68169377109,-66.9,66.9 % less than typical
2020-03-25,17,4,85,2020,13,Wednesday,Mar 25,1862,6466.28783071322,931,3233.14391535661,-71.2,71.2 % less than typical
2020-03-25,18,4,85,2020,13,Wednesday,Mar 25,1371,5531.95089712642,685.5,2765.97544856321,-75.22,75.2 % less than typical
2020-03-25,19,4,85,2020,13,Wednesday,Mar 25,1239,4470.48712901691,619.5,2235.24356450845,-72.28,72.3 % less than typical
2020-03-25,20,4,85,2020,13,Wednesday,Mar 25,848,3607.78501447406,424,1803.89250723703,-76.5,76.5 % less than typical
2020-03-25,21,4,85,2020,13,Wednesday,Mar 25,700,3006.08873786903,350,1503.04436893451,-76.71,76.7 % less than typical
2020-03-25,22,4,85,2020,13,Wednesday,Mar 25,653,2547.73900664819,326.5,1273.8695033241,-74.37,74.4 % less than typical
2020-03-25,23,4,85,2020,13,Wednesday,Mar 25,541,2121.99621927059,270.5,1060.9981096353,-74.51,74.5 % less than typical
2020-03-26,1,5,86,2020,13,Thursday,Mar 26,277,926.730897561491,138.5,463.365448780746,-70.11,70.1 % less than typical
2020-03-26,2,5,86,2020,13,Thursday,Mar 26,215,867.185322246134,107.5,433.592661123067,-75.21,75.2 % less than typical
2020-03-26,3,5,86,2020,13,Thursday,Mar 26,296,1239.0931700207,148,619.546585010349,-76.11,76.1 % less than typical
2020-03-26,4,5,86,2020,13,Thursday,Mar 26,518,2202.12435169625,259,1101.06217584812,-76.48,76.5 % less than typical
2020-03-26,5,5,86,2020,13,Thursday,Mar 26,925,3478.22457117408,462.5,1739.11228558704,-73.41,73.4 % less than typical
2020-03-26,6,5,86,2020,13,Thursday,Mar 26,1242,4574.67551290833,621,2287.33775645416,-72.85,72.8 % less than typical
2020-03-26,7,5,86,2020,13,Thursday,Mar 26,1523,5157.86175112883,761.5,2578.93087556441,-70.47,70.5 % less than typical
2020-03-26,8,5,86,2020,13,Thursday,Mar 26,1410,5220.17140759986,705,2610.08570379993,-72.99,73 % less than typical
2020-03-26,9,5,86,2020,13,Thursday,Mar 26,1392,4969.62087820154,696,2484.81043910077,-71.99,72 % less than typical
2020-03-26,10,5,86,2020,13,Thursday,Mar 26,1511,4648.36599096192,755.5,2324.18299548096,-67.49,67.5 % less than typical
2020-03-26,11,5,86,2020,13,Thursday,Mar 26,1705,4466.53898448471,852.5,2233.26949224236,-61.83,61.8 % less than typical
2020-03-26,12,5,86,2020,13,Thursday,Mar 26,1726,4612.3554812263,863,2306.17774061315,-62.58,62.6 % less than typical
2020-03-26,13,5,86,2020,13,Thursday,Mar 26,2027,5189.22423826594,1013.5,2594.61211913297,-60.94,60.9 % less than typical
2020-03-26,14,5,86,2020,13,Thursday,Mar 26,2227,6074.41615304277,1113.5,3037.20807652139,-63.34,63.3 % less than typical
2020-03-26,15,5,86,2020,13,Thursday,Mar 26,2317,6882.26373410164,1158.5,3441.13186705082,-66.33,66.3 % less than typical
2020-03-26,16,5,86,2020,13,Thursday,Mar 26,2204,7168.14984913517,1102,3584.07492456758,-69.25,69.2 % less than typical
2020-03-26,17,5,86,2020,13,Thursday,Mar 26,1940,6746.12469110998,970,3373.06234555499,-71.24,71.2 % less than typical
2020-03-26,18,5,86,2020,13,Thursday,Mar 26,1535,5824.83996459393,767.5,2912.41998229696,-73.65,73.7 % less than typical
2020-03-26,19,5,86,2020,13,Thursday,Mar 26,1358,4819.60572072953,679,2409.80286036477,-71.82,71.8 % less than typical
2020-03-26,20,5,86,2020,13,Thursday,Mar 26,808,4022.78853465625,404,2011.39426732812,-79.91,79.9 % less than typical
2020-03-26,21,5,86,2020,13,Thursday,Mar 26,743,3447.18234071296,371.5,1723.59117035648,-78.45,78.5 % less than typical
2020-03-26,22,5,86,2020,13,Thursday,Mar 26,639,2949.37433212942,319.5,1474.68716606471,-78.33,78.3 % less than typical
2020-03-26,23,5,86,2020,13,Thursday,Mar 26,472,2437.99551740231,236,1218.99775870115,-80.64,80.6 % less than typical
